 ,Char. Length,Eucl. Length,File Name
1,440.7595,338.6001,Mat1-TUK-3lay-190424_10kx_01_S1_Intersections2.csv
2,350.0782,306.4719,Mat1-TUK-3lay-190424_10kx_01_S1_Intersections2.csv
3,345.8772,319.5825,Mat1-TUK-3lay-190424_10kx_01_S1_Intersections2.csv
4,336.3503,237.9664,Mat1-TUK-3lay-190424_10kx_01_S1_Intersections2.csv
5,304.8894,260.6473,Mat1-TUK-3lay-190424_10kx_01_S1_Intersections2.csv
6,277.8356,255.1568,Mat1-TUK-3lay-190424_10kx_01_S1_Intersections2.csv
7,273.2203,240.8527,Mat1-TUK-3lay-190424_10kx_01_S1_Intersections2.csv
8,249.1076,226.2941,Mat1-TUK-3lay-190424_10kx_01_S1_Intersections2.csv
9,233.8772,218.2773,Mat1-TUK-3lay-190424_10kx_01_S1_Intersections2.csv
10,224.7645,208.4250,Mat1-TUK-3lay-190424_10kx_01_S1_Intersections2.csv
11,220.3087,202.7807,Mat1-TUK-3lay-190424_10kx_01_S1_Intersections2.csv
12,206.7401,194.7434,Mat1-TUK-3lay-190424_10kx_01_S1_Intersections2.csv
13,187.1371,173.5396,Mat1-TUK-3lay-190424_10kx_01_S1_Intersections2.csv
14,182.7229,149.3352,Mat1-TUK-3lay-190424_10kx_01_S1_Intersections2.csv
15,174.6985,166.6763,Mat1-TUK-3lay-190424_10kx_01_S1_Intersections2.csv
16,172.6274,166.0482,Mat1-TUK-3lay-190424_10kx_01_S1_Intersections2.csv
17,171.6224,157.0350,Mat1-TUK-3lay-190424_10kx_01_S1_Intersections2.csv
18,171.0833,160.6393,Mat1-TUK-3lay-190424_10kx_01_S1_Intersections2.csv
19,170.5513,156.0128,Mat1-TUK-3lay-190424_10kx_01_S1_Intersections2.csv
20,155.3553,147.1394,Mat1-TUK-3lay-190424_10kx_01_S1_Intersections2.csv
21,151.0833,140.4315,Mat1-TUK-3lay-190424_10kx_01_S1_Intersections2.csv
22,146.8406,134.6291,Mat1-TUK-3lay-190424_10kx_01_S1_Intersections2.csv
23,142.0660,131.5903,Mat1-TUK-3lay-190424_10kx_01_S1_Intersections2.csv
24,140.7817,121.5113,Mat1-TUK-3lay-190424_10kx_01_S1_Intersections2.csv
25,139.8944,130.8625,Mat1-TUK-3lay-190424_10kx_01_S1_Intersections2.csv
26,139.2132,133.4541,Mat1-TUK-3lay-190424_10kx_01_S1_Intersections2.csv
27,118.7990,113.4416,Mat1-TUK-3lay-190424_10kx_01_S1_Intersections2.csv
28,118.7401,105.5130,Mat1-TUK-3lay-190424_10kx_01_S1_Intersections2.csv
29,113.4386,106.5082,Mat1-TUK-3lay-190424_10kx_01_S1_Intersections2.csv
30,111.5563,107.3778,Mat1-TUK-3lay-190424_10kx_01_S1_Intersections2.csv
31,110.6812,102.5524,Mat1-TUK-3lay-190424_10kx_01_S1_Intersections2.csv
32,109.3137,106.1697,Mat1-TUK-3lay-190424_10kx_01_S1_Intersections2.csv
33,107.5685,97.5756,Mat1-TUK-3lay-190424_10kx_01_S1_Intersections2.csv
34,105.5980,98.0816,Mat1-TUK-3lay-190424_10kx_01_S1_Intersections2.csv
35,105.3259,73.0821,Mat1-TUK-3lay-190424_10kx_01_S1_Intersections2.csv
36,103.7817,97.9081,Mat1-TUK-3lay-190424_10kx_01_S1_Intersections2.csv
37,103.6274,97.1854,Mat1-TUK-3lay-190424_10kx_01_S1_Intersections2.csv
38,102.4142,102.0049,Mat1-TUK-3lay-190424_10kx_01_S1_Intersections2.csv
39,99.6569,98.0816,Mat1-TUK-3lay-190424_10kx_01_S1_Intersections2.csv
40,92.8406,85.7963,Mat1-TUK-3lay-190424_10kx_01_S1_Intersections2.csv
41,90.0833,56.1427,Mat1-TUK-3lay-190424_10kx_01_S1_Intersections2.csv
42,87.3553,78.8543,Mat1-TUK-3lay-190424_10kx_01_S1_Intersections2.csv
43,87.0711,84.2140,Mat1-TUK-3lay-190424_10kx_01_S1_Intersections2.csv
44,85.9706,81.8841,Mat1-TUK-3lay-190424_10kx_01_S1_Intersections2.csv
45,85.9533,64.3817,Mat1-TUK-3lay-190424_10kx_01_S1_Intersections2.csv
46,75.0122,69.3542,Mat1-TUK-3lay-190424_10kx_01_S1_Intersections2.csv
47,73.6985,67.7200,Mat1-TUK-3lay-190424_10kx_01_S1_Intersections2.csv
48,69.8112,67.4759,Mat1-TUK-3lay-190424_10kx_01_S1_Intersections2.csv
49,65.3553,60.4152,Mat1-TUK-3lay-190424_10kx_01_S1_Intersections2.csv
50,65.2132,58.5491,Mat1-TUK-3lay-190424_10kx_01_S1_Intersections2.csv
51,58.6690,55.3173,Mat1-TUK-3lay-190424_10kx_01_S1_Intersections2.csv
52,55.6690,53.4135,Mat1-TUK-3lay-190424_10kx_01_S1_Intersections2.csv
53,53.9117,53.0754,Mat1-TUK-3lay-190424_10kx_01_S1_Intersections2.csv
54,53.0122,47.4342,Mat1-TUK-3lay-190424_10kx_01_S1_Intersections2.csv
55,51.9117,51.6236,Mat1-TUK-3lay-190424_10kx_01_S1_Intersections2.csv
56,49.2426,48.0937,Mat1-TUK-3lay-190424_10kx_01_S1_Intersections2.csv
57,44.7990,38.9487,Mat1-TUK-3lay-190424_10kx_01_S1_Intersections2.csv
58,42.5980,41.7732,Mat1-TUK-3lay-190424_10kx_01_S1_Intersections2.csv
59,42.4558,38.5876,Mat1-TUK-3lay-190424_10kx_01_S1_Intersections2.csv
60,40.3848,18.0000,Mat1-TUK-3lay-190424_10kx_01_S1_Intersections2.csv
61,38.9706,36.0555,Mat1-TUK-3lay-190424_10kx_01_S1_Intersections2.csv
62,37.0000,37.0000,Mat1-TUK-3lay-190424_10kx_01_S1_Intersections2.csv
63,32.7990,29.5466,Mat1-TUK-3lay-190424_10kx_01_S1_Intersections2.csv
64,27.8284,27.0740,Mat1-TUK-3lay-190424_10kx_01_S1_Intersections2.csv
65,26.8995,25.0000,Mat1-TUK-3lay-190424_10kx_01_S1_Intersections2.csv
66,25.2132,24.2074,Mat1-TUK-3lay-190424_10kx_01_S1_Intersections2.csv
67,24.7990,23.3452,Mat1-TUK-3lay-190424_10kx_01_S1_Intersections2.csv
68,24.7279,21.4009,Mat1-TUK-3lay-190424_10kx_01_S1_Intersections2.csv
69,23.3848,22.2036,Mat1-TUK-3lay-190424_10kx_01_S1_Intersections2.csv
70,21.3137,18.4391,Mat1-TUK-3lay-190424_10kx_01_S1_Intersections2.csv
71,20.4142,20.0250,Mat1-TUK-3lay-190424_10kx_01_S1_Intersections2.csv
72,18.4853,15.6205,Mat1-TUK-3lay-190424_10kx_01_S1_Intersections2.csv
73,16.4142,16.0312,Mat1-TUK-3lay-190424_10kx_01_S1_Intersections2.csv
74,16.4142,16.0312,Mat1-TUK-3lay-190424_10kx_01_S1_Intersections2.csv
75,10.4142,10.0499,Mat1-TUK-3lay-190424_10kx_01_S1_Intersections2.csv
76,10.0000,10.0000,Mat1-TUK-3lay-190424_10kx_01_S1_Intersections2.csv
77,9.4142,9.0554,Mat1-TUK-3lay-190424_10kx_01_S1_Intersections2.csv
78,9.0711,8.4853,Mat1-TUK-3lay-190424_10kx_01_S1_Intersections2.csv
79,9.0000,9.0000,Mat1-TUK-3lay-190424_10kx_01_S1_Intersections2.csv
80,8.0000,8.0000,Mat1-TUK-3lay-190424_10kx_01_S1_Intersections2.csv
81,7.4142,7.0711,Mat1-TUK-3lay-190424_10kx_01_S1_Intersections2.csv
82,6.4142,6.0828,Mat1-TUK-3lay-190424_10kx_01_S1_Intersections2.csv
83,4.0000,4.0000,Mat1-TUK-3lay-190424_10kx_01_S1_Intersections2.csv
84,1.4142,0.0000,Mat1-TUK-3lay-190424_10kx_01_S1_Intersections2.csv
85,1.4142,0.0000,Mat1-TUK-3lay-190424_10kx_01_S1_Intersections2.csv
86,172.7107,143.8402,Mat1-TUK-3lay-190424_10kx_01_S1_Intersections2.csv
87,351.8234,322.4934,Mat1-TUK-3lay-190424_10kx_03_S1_Intersections2.csv
88,293.0782,250.9900,Mat1-TUK-3lay-190424_10kx_03_S1_Intersections2.csv
89,283.8600,269.8240,Mat1-TUK-3lay-190424_10kx_03_S1_Intersections2.csv
90,269.0366,233.9444,Mat1-TUK-3lay-190424_10kx_03_S1_Intersections2.csv
91,264.6346,245.5891,Mat1-TUK-3lay-190424_10kx_03_S1_Intersections2.csv
92,238.0955,221.1628,Mat1-TUK-3lay-190424_10kx_03_S1_Intersections2.csv
93,230.3797,179.3014,Mat1-TUK-3lay-190424_10kx_03_S1_Intersections2.csv
94,224.1371,194.2498,Mat1-TUK-3lay-190424_10kx_03_S1_Intersections2.csv
95,223.6051,212.8004,Mat1-TUK-3lay-190424_10kx_03_S1_Intersections2.csv
96,218.4508,202.1584,Mat1-TUK-3lay-190424_10kx_03_S1_Intersections2.csv
97,206.7107,171.5401,Mat1-TUK-3lay-190424_10kx_03_S1_Intersections2.csv
98,202.9066,190.8219,Mat1-TUK-3lay-190424_10kx_03_S1_Intersections2.csv
99,201.0955,185.9946,Mat1-TUK-3lay-190424_10kx_03_S1_Intersections2.csv
100,194.6690,181.7966,Mat1-TUK-3lay-190424_10kx_03_S1_Intersections2.csv
101,193.3797,169.9235,Mat1-TUK-3lay-190424_10kx_03_S1_Intersections2.csv
102,191.9655,144.3607,Mat1-TUK-3lay-190424_10kx_03_S1_Intersections2.csv
103,188.5685,153.3884,Mat1-TUK-3lay-190424_10kx_03_S1_Intersections2.csv
104,182.7817,154.5089,Mat1-TUK-3lay-190424_10kx_03_S1_Intersections2.csv
105,182.3797,164.2955,Mat1-TUK-3lay-190424_10kx_03_S1_Intersections2.csv
106,170.4558,163.4411,Mat1-TUK-3lay-190424_10kx_03_S1_Intersections2.csv
107,165.3675,152.2793,Mat1-TUK-3lay-190424_10kx_03_S1_Intersections2.csv
108,160.2498,155.6213,Mat1-TUK-3lay-190424_10kx_03_S1_Intersections2.csv
109,158.3259,146.7583,Mat1-TUK-3lay-190424_10kx_03_S1_Intersections2.csv
110,156.3137,153.2090,Mat1-TUK-3lay-190424_10kx_03_S1_Intersections2.csv
111,155.1421,150.2698,Mat1-TUK-3lay-190424_10kx_03_S1_Intersections2.csv
112,149.9533,138.5388,Mat1-TUK-3lay-190424_10kx_03_S1_Intersections2.csv
113,142.9411,135.1481,Mat1-TUK-3lay-190424_10kx_03_S1_Intersections2.csv
114,138.2254,127.2242,Mat1-TUK-3lay-190424_10kx_03_S1_Intersections2.csv
115,132.3675,116.1809,Mat1-TUK-3lay-190424_10kx_03_S1_Intersections2.csv
116,129.6224,127.4049,Mat1-TUK-3lay-190424_10kx_03_S1_Intersections2.csv
117,118.8112,100.4191,Mat1-TUK-3lay-190424_10kx_03_S1_Intersections2.csv
118,114.4558,108.1896,Mat1-TUK-3lay-190424_10kx_03_S1_Intersections2.csv
119,114.4092,110.5351,Mat1-TUK-3lay-190424_10kx_03_S1_Intersections2.csv
120,111.8284,111.0180,Mat1-TUK-3lay-190424_10kx_03_S1_Intersections2.csv
121,111.4386,103.4795,Mat1-TUK-3lay-190424_10kx_03_S1_Intersections2.csv
122,107.0538,94.7629,Mat1-TUK-3lay-190424_10kx_03_S1_Intersections2.csv
123,103.0122,95.5092,Mat1-TUK-3lay-190424_10kx_03_S1_Intersections2.csv
124,102.9828,94.3663,Mat1-TUK-3lay-190424_10kx_03_S1_Intersections2.csv
125,102.0833,93.7763,Mat1-TUK-3lay-190424_10kx_03_S1_Intersections2.csv
126,98.2254,90.5539,Mat1-TUK-3lay-190424_10kx_03_S1_Intersections2.csv
127,97.9706,92.9139,Mat1-TUK-3lay-190424_10kx_03_S1_Intersections2.csv
128,97.7990,93.0591,Mat1-TUK-3lay-190424_10kx_03_S1_Intersections2.csv
129,89.7107,85.0000,Mat1-TUK-3lay-190424_10kx_03_S1_Intersections2.csv
130,85.4680,81.0247,Mat1-TUK-3lay-190424_10kx_03_S1_Intersections2.csv
131,84.5563,80.7527,Mat1-TUK-3lay-190424_10kx_03_S1_Intersections2.csv
132,74.8701,69.6419,Mat1-TUK-3lay-190424_10kx_03_S1_Intersections2.csv
133,73.4975,66.5282,Mat1-TUK-3lay-190424_10kx_03_S1_Intersections2.csv
134,73.0122,65.7419,Mat1-TUK-3lay-190424_10kx_03_S1_Intersections2.csv
135,69.9828,64.6375,Mat1-TUK-3lay-190424_10kx_03_S1_Intersections2.csv
136,66.0538,65.7647,Mat1-TUK-3lay-190424_10kx_03_S1_Intersections2.csv
137,65.4142,65.0077,Mat1-TUK-3lay-190424_10kx_03_S1_Intersections2.csv
138,64.5980,59.9416,Mat1-TUK-3lay-190424_10kx_03_S1_Intersections2.csv
139,60.4264,56.6039,Mat1-TUK-3lay-190424_10kx_03_S1_Intersections2.csv
140,55.9117,54.5619,Mat1-TUK-3lay-190424_10kx_03_S1_Intersections2.csv
141,54.1838,41.7612,Mat1-TUK-3lay-190424_10kx_03_S1_Intersections2.csv
142,53.3259,53.0377,Mat1-TUK-3lay-190424_10kx_03_S1_Intersections2.csv
143,51.2548,48.2701,Mat1-TUK-3lay-190424_10kx_03_S1_Intersections2.csv
144,50.9706,47.5395,Mat1-TUK-3lay-190424_10kx_03_S1_Intersections2.csv
145,41.6985,39.1152,Mat1-TUK-3lay-190424_10kx_03_S1_Intersections2.csv
146,40.3848,18.0000,Mat1-TUK-3lay-190424_10kx_03_S1_Intersections2.csv
147,35.7279,33.2415,Mat1-TUK-3lay-190424_10kx_03_S1_Intersections2.csv
148,31.4853,29.6142,Mat1-TUK-3lay-190424_10kx_03_S1_Intersections2.csv
149,30.2132,28.3019,Mat1-TUK-3lay-190424_10kx_03_S1_Intersections2.csv
150,29.0711,27.4591,Mat1-TUK-3lay-190424_10kx_03_S1_Intersections2.csv
151,28.7279,26.5707,Mat1-TUK-3lay-190424_10kx_03_S1_Intersections2.csv
152,28.2132,26.6271,Mat1-TUK-3lay-190424_10kx_03_S1_Intersections2.csv
153,27.2426,26.1725,Mat1-TUK-3lay-190424_10kx_03_S1_Intersections2.csv
154,25.8995,23.5372,Mat1-TUK-3lay-190424_10kx_03_S1_Intersections2.csv
155,24.7279,22.8473,Mat1-TUK-3lay-190424_10kx_03_S1_Intersections2.csv
156,19.8284,19.1050,Mat1-TUK-3lay-190424_10kx_03_S1_Intersections2.csv
157,19.4142,19.0263,Mat1-TUK-3lay-190424_10kx_03_S1_Intersections2.csv
158,19.4142,19.0263,Mat1-TUK-3lay-190424_10kx_03_S1_Intersections2.csv
159,17.6569,16.1245,Mat1-TUK-3lay-190424_10kx_03_S1_Intersections2.csv
160,17.5563,17.0294,Mat1-TUK-3lay-190424_10kx_03_S1_Intersections2.csv
161,15.4853,14.3178,Mat1-TUK-3lay-190424_10kx_03_S1_Intersections2.csv
162,14.8284,14.1421,Mat1-TUK-3lay-190424_10kx_03_S1_Intersections2.csv
163,13.4142,13.0384,Mat1-TUK-3lay-190424_10kx_03_S1_Intersections2.csv
164,11.0000,11.0000,Mat1-TUK-3lay-190424_10kx_03_S1_Intersections2.csv
165,10.4142,10.0499,Mat1-TUK-3lay-190424_10kx_03_S1_Intersections2.csv
166,10.0711,9.4340,Mat1-TUK-3lay-190424_10kx_03_S1_Intersections2.csv
167,9.4142,9.0554,Mat1-TUK-3lay-190424_10kx_03_S1_Intersections2.csv
168,7.6569,7.2111,Mat1-TUK-3lay-190424_10kx_03_S1_Intersections2.csv
169,7.4142,7.0711,Mat1-TUK-3lay-190424_10kx_03_S1_Intersections2.csv
170,4.4142,4.1231,Mat1-TUK-3lay-190424_10kx_03_S1_Intersections2.csv
171,3.8284,3.6056,Mat1-TUK-3lay-190424_10kx_03_S1_Intersections2.csv
172,2.0000,2.0000,Mat1-TUK-3lay-190424_10kx_03_S1_Intersections2.csv
173,478.4874,416.6353,Mat1-TUK-3lay-190424_10kx_05_S1_Intersections2.csv
174,372.6589,334.5206,Mat1-TUK-3lay-190424_10kx_05_S1_Intersections2.csv
175,345.7178,320.7133,Mat1-TUK-3lay-190424_10kx_05_S1_Intersections2.csv
176,284.7889,237.8760,Mat1-TUK-3lay-190424_10kx_05_S1_Intersections2.csv
177,278.1838,267.6752,Mat1-TUK-3lay-190424_10kx_05_S1_Intersections2.csv
178,242.6812,213.3846,Mat1-TUK-3lay-190424_10kx_05_S1_Intersections2.csv
179,240.5219,216.3169,Mat1-TUK-3lay-190424_10kx_05_S1_Intersections2.csv
180,223.2376,206.3444,Mat1-TUK-3lay-190424_10kx_05_S1_Intersections2.csv
181,220.7279,217.1866,Mat1-TUK-3lay-190424_10kx_05_S1_Intersections2.csv
182,219.6518,202.2498,Mat1-TUK-3lay-190424_10kx_05_S1_Intersections2.csv
183,218.8944,199.3239,Mat1-TUK-3lay-190424_10kx_05_S1_Intersections2.csv
184,207.2914,196.3288,Mat1-TUK-3lay-190424_10kx_05_S1_Intersections2.csv
185,190.7939,175.6360,Mat1-TUK-3lay-190424_10kx_05_S1_Intersections2.csv
186,179.6224,164.2011,Mat1-TUK-3lay-190424_10kx_05_S1_Intersections2.csv
187,158.4802,146.7276,Mat1-TUK-3lay-190424_10kx_05_S1_Intersections2.csv
188,153.6102,135.6798,Mat1-TUK-3lay-190424_10kx_05_S1_Intersections2.csv
189,151.6396,128.4445,Mat1-TUK-3lay-190424_10kx_05_S1_Intersections2.csv
190,147.8528,129.9577,Mat1-TUK-3lay-190424_10kx_05_S1_Intersections2.csv
191,142.1371,134.3168,Mat1-TUK-3lay-190424_10kx_05_S1_Intersections2.csv
192,135.3675,123.8911,Mat1-TUK-3lay-190424_10kx_05_S1_Intersections2.csv
193,131.5269,122.1843,Mat1-TUK-3lay-190424_10kx_05_S1_Intersections2.csv
194,122.2426,121.0372,Mat1-TUK-3lay-190424_10kx_05_S1_Intersections2.csv
195,108.7523,105.1190,Mat1-TUK-3lay-190424_10kx_05_S1_Intersections2.csv
196,103.9533,92.5905,Mat1-TUK-3lay-190424_10kx_05_S1_Intersections2.csv
197,97.4975,83.8689,Mat1-TUK-3lay-190424_10kx_05_S1_Intersections2.csv
198,96.1249,89.3756,Mat1-TUK-3lay-190424_10kx_05_S1_Intersections2.csv
199,88.9706,59.4811,Mat1-TUK-3lay-190424_10kx_05_S1_Intersections2.csv
200,88.5685,75.2861,Mat1-TUK-3lay-190424_10kx_05_S1_Intersections2.csv
201,85.6569,84.0952,Mat1-TUK-3lay-190424_10kx_05_S1_Intersections2.csv
202,84.7401,76.0592,Mat1-TUK-3lay-190424_10kx_05_S1_Intersections2.csv
203,78.1543,72.2011,Mat1-TUK-3lay-190424_10kx_05_S1_Intersections2.csv
204,73.7401,67.9412,Mat1-TUK-3lay-190424_10kx_05_S1_Intersections2.csv
205,68.9117,64.2028,Mat1-TUK-3lay-190424_10kx_05_S1_Intersections2.csv
206,67.1838,61.7171,Mat1-TUK-3lay-190424_10kx_05_S1_Intersections2.csv
207,66.8406,62.2656,Mat1-TUK-3lay-190424_10kx_05_S1_Intersections2.csv
208,63.6985,55.0818,Mat1-TUK-3lay-190424_10kx_05_S1_Intersections2.csv
209,61.3137,58.3095,Mat1-TUK-3lay-190424_10kx_05_S1_Intersections2.csv
210,59.7279,55.1090,Mat1-TUK-3lay-190424_10kx_05_S1_Intersections2.csv
211,57.6985,51.8845,Mat1-TUK-3lay-190424_10kx_05_S1_Intersections2.csv
212,53.6569,52.1536,Mat1-TUK-3lay-190424_10kx_05_S1_Intersections2.csv
213,51.8406,48.6004,Mat1-TUK-3lay-190424_10kx_05_S1_Intersections2.csv
214,51.4975,50.9313,Mat1-TUK-3lay-190424_10kx_05_S1_Intersections2.csv
215,50.5269,47.0106,Mat1-TUK-3lay-190424_10kx_05_S1_Intersections2.csv
216,49.5563,44.3847,Mat1-TUK-3lay-190424_10kx_05_S1_Intersections2.csv
217,48.5563,45.3542,Mat1-TUK-3lay-190424_10kx_05_S1_Intersections2.csv
218,47.1127,43.5660,Mat1-TUK-3lay-190424_10kx_05_S1_Intersections2.csv
219,46.6569,45.1774,Mat1-TUK-3lay-190424_10kx_05_S1_Intersections2.csv
220,46.2132,42.7200,Mat1-TUK-3lay-190424_10kx_05_S1_Intersections2.csv
221,34.4142,34.0147,Mat1-TUK-3lay-190424_10kx_05_S1_Intersections2.csv
222,34.2132,31.7648,Mat1-TUK-3lay-190424_10kx_05_S1_Intersections2.csv
223,33.6274,31.3847,Mat1-TUK-3lay-190424_10kx_05_S1_Intersections2.csv
224,33.3137,31.0483,Mat1-TUK-3lay-190424_10kx_05_S1_Intersections2.csv
225,30.2426,29.1548,Mat1-TUK-3lay-190424_10kx_05_S1_Intersections2.csv
226,28.4142,28.0179,Mat1-TUK-3lay-190424_10kx_05_S1_Intersections2.csv
227,23.7990,22.8035,Mat1-TUK-3lay-190424_10kx_05_S1_Intersections2.csv
228,20.3137,18.7883,Mat1-TUK-3lay-190424_10kx_05_S1_Intersections2.csv
229,18.1421,17.2047,Mat1-TUK-3lay-190424_10kx_05_S1_Intersections2.csv
230,17.8995,15.8114,Mat1-TUK-3lay-190424_10kx_05_S1_Intersections2.csv
231,15.1421,14.8661,Mat1-TUK-3lay-190424_10kx_05_S1_Intersections2.csv
232,12.8284,12.1655,Mat1-TUK-3lay-190424_10kx_05_S1_Intersections2.csv
233,10.6569,9.8489,Mat1-TUK-3lay-190424_10kx_05_S1_Intersections2.csv
234,10.2426,9.4868,Mat1-TUK-3lay-190424_10kx_05_S1_Intersections2.csv
235,10.0711,9.4340,Mat1-TUK-3lay-190424_10kx_05_S1_Intersections2.csv
236,8.6569,8.0623,Mat1-TUK-3lay-190424_10kx_05_S1_Intersections2.csv
237,6.2426,5.8310,Mat1-TUK-3lay-190424_10kx_05_S1_Intersections2.csv
238,249.0488,231.3547,Mat1-TUK-3lay-190424_10kx_05_S1_Intersections2.csv
239,161.3087,148.4486,Mat1-TUK-3lay-190424_10kx_05_S1_Intersections2.csv
240,207.7351,192.4084,Mat1-TUK-3lay-190424_10kx_05_S1_Intersections2.csv
241,32.5563,27.5862,Mat1-TUK-3lay-190424_10kx_05_S1_Intersections2.csv
242,306.2498,267.9776,test_10k_S1_Intersections2.csv
243,300.6640,187.9495,test_10k_S1_Intersections2.csv
244,258.9828,241.4063,test_10k_S1_Intersections2.csv
245,222.6762,212.3629,test_10k_S1_Intersections2.csv
246,213.9828,198.1161,test_10k_S1_Intersections2.csv
247,206.5929,167.4873,test_10k_S1_Intersections2.csv
248,206.4386,139.1869,test_10k_S1_Intersections2.csv
249,196.3381,173.1849,test_10k_S1_Intersections2.csv
250,192.4802,149.6830,test_10k_S1_Intersections2.csv
251,190.5807,175.0457,test_10k_S1_Intersections2.csv
252,180.4680,163.1931,test_10k_S1_Intersections2.csv
253,174.7939,160.8975,test_10k_S1_Intersections2.csv
254,168.3087,155.0806,test_10k_S1_Intersections2.csv
255,166.8234,154.7676,test_10k_S1_Intersections2.csv
256,166.1960,153.5741,test_10k_S1_Intersections2.csv
257,164.9949,145.8355,test_10k_S1_Intersections2.csv
258,162.9706,158.2024,test_10k_S1_Intersections2.csv
259,159.8528,135.0592,test_10k_S1_Intersections2.csv
260,157.8112,145.7978,test_10k_S1_Intersections2.csv
261,157.1371,144.8102,test_10k_S1_Intersections2.csv
262,153.7229,143.9514,test_10k_S1_Intersections2.csv
263,153.5980,144.7342,test_10k_S1_Intersections2.csv
264,152.7107,141.1524,test_10k_S1_Intersections2.csv
265,146.4264,137.3172,test_10k_S1_Intersections2.csv
266,145.4508,139.3162,test_10k_S1_Intersections2.csv
267,145.3797,137.7679,test_10k_S1_Intersections2.csv
268,143.7523,130.8014,test_10k_S1_Intersections2.csv
269,140.5097,115.1173,test_10k_S1_Intersections2.csv
270,140.4092,131.7649,test_10k_S1_Intersections2.csv
271,136.1838,126.1507,test_10k_S1_Intersections2.csv
272,135.3259,120.2040,test_10k_S1_Intersections2.csv
273,134.9533,120.1083,test_10k_S1_Intersections2.csv
274,127.3675,112.9292,test_10k_S1_Intersections2.csv
275,121.9828,111.6154,test_10k_S1_Intersections2.csv
276,119.9533,108.0046,test_10k_S1_Intersections2.csv
277,119.1960,106.4519,test_10k_S1_Intersections2.csv
278,117.6102,109.2932,test_10k_S1_Intersections2.csv
279,115.8234,86.2090,test_10k_S1_Intersections2.csv
280,111.4680,103.3102,test_10k_S1_Intersections2.csv
281,110.5391,101.2571,test_10k_S1_Intersections2.csv
282,106.8823,94.3663,test_10k_S1_Intersections2.csv
283,105.7401,97.6934,test_10k_S1_Intersections2.csv
284,105.0955,100.6578,test_10k_S1_Intersections2.csv
285,104.4680,97.1288,test_10k_S1_Intersections2.csv
286,103.8528,88.1192,test_10k_S1_Intersections2.csv
287,103.7401,95.0789,test_10k_S1_Intersections2.csv
288,102.9828,93.9415,test_10k_S1_Intersections2.csv
289,101.3259,93.6216,test_10k_S1_Intersections2.csv
290,99.6690,92.1141,test_10k_S1_Intersections2.csv
291,99.5391,93.7443,test_10k_S1_Intersections2.csv
292,98.7990,93.7710,test_10k_S1_Intersections2.csv
293,96.8112,87.1321,test_10k_S1_Intersections2.csv
294,96.0955,94.0479,test_10k_S1_Intersections2.csv
295,93.4142,93.0054,test_10k_S1_Intersections2.csv
296,93.3675,88.7299,test_10k_S1_Intersections2.csv
297,87.3675,84.1724,test_10k_S1_Intersections2.csv
298,84.6985,78.8480,test_10k_S1_Intersections2.csv
299,71.2426,70.0643,test_10k_S1_Intersections2.csv
300,70.4264,62.4820,test_10k_S1_Intersections2.csv
301,69.3970,66.8431,test_10k_S1_Intersections2.csv
302,69.2426,68.0074,test_10k_S1_Intersections2.csv
303,68.2843,59.9333,test_10k_S1_Intersections2.csv
304,65.5980,60.8276,test_10k_S1_Intersections2.csv
305,64.7990,58.4209,test_10k_S1_Intersections2.csv
306,64.3137,61.2944,test_10k_S1_Intersections2.csv
307,63.3137,60.5310,test_10k_S1_Intersections2.csv
308,62.7401,60.1415,test_10k_S1_Intersections2.csv
309,61.0416,56.0446,test_10k_S1_Intersections2.csv
310,60.1127,55.5428,test_10k_S1_Intersections2.csv
311,60.0833,56.7274,test_10k_S1_Intersections2.csv
312,57.4142,57.0088,test_10k_S1_Intersections2.csv
313,55.4142,55.0091,test_10k_S1_Intersections2.csv
314,54.0833,52.4023,test_10k_S1_Intersections2.csv
315,53.8701,49.7695,test_10k_S1_Intersections2.csv
316,53.1127,47.8539,test_10k_S1_Intersections2.csv
317,51.1838,47.1699,test_10k_S1_Intersections2.csv
318,50.5269,47.0106,test_10k_S1_Intersections2.csv
319,50.2132,46.4866,test_10k_S1_Intersections2.csv
320,49.5563,46.3249,test_10k_S1_Intersections2.csv
321,48.4264,46.8615,test_10k_S1_Intersections2.csv
322,48.2426,47.0106,test_10k_S1_Intersections2.csv
323,48.2426,47.0956,test_10k_S1_Intersections2.csv
324,47.5269,43.6005,test_10k_S1_Intersections2.csv
325,46.4142,46.0109,test_10k_S1_Intersections2.csv
326,44.2132,40.8534,test_10k_S1_Intersections2.csv
327,42.2132,39.0000,test_10k_S1_Intersections2.csv
328,39.7990,18.0000,test_10k_S1_Intersections2.csv
329,38.9706,36.0555,test_10k_S1_Intersections2.csv
330,38.9706,36.0555,test_10k_S1_Intersections2.csv
331,36.4142,36.0139,test_10k_S1_Intersections2.csv
332,31.7990,27.7849,test_10k_S1_Intersections2.csv
333,30.5563,28.2312,test_10k_S1_Intersections2.csv
334,29.2132,27.0185,test_10k_S1_Intersections2.csv
335,28.4558,27.6586,test_10k_S1_Intersections2.csv
336,27.2132,25.6125,test_10k_S1_Intersections2.csv
337,26.9706,24.4131,test_10k_S1_Intersections2.csv
338,26.8995,25.0000,test_10k_S1_Intersections2.csv
339,26.7279,24.6982,test_10k_S1_Intersections2.csv
340,26.0711,24.5153,test_10k_S1_Intersections2.csv
341,24.7279,22.8473,test_10k_S1_Intersections2.csv
342,24.3848,23.0217,test_10k_S1_Intersections2.csv
343,23.7279,21.0950,test_10k_S1_Intersections2.csv
344,23.5563,21.6333,test_10k_S1_Intersections2.csv
345,21.8284,21.0950,test_10k_S1_Intersections2.csv
346,20.1421,18.8680,test_10k_S1_Intersections2.csv
347,20.0000,20.0000,test_10k_S1_Intersections2.csv
348,20.0000,20.0000,test_10k_S1_Intersections2.csv
349,19.0711,17.7200,test_10k_S1_Intersections2.csv
350,18.6569,17.1172,test_10k_S1_Intersections2.csv
351,15.6569,14.5602,test_10k_S1_Intersections2.csv
352,14.8995,13.8924,test_10k_S1_Intersections2.csv
353,13.8284,13.1529,test_10k_S1_Intersections2.csv
354,13.4142,13.0384,test_10k_S1_Intersections2.csv
355,12.8284,12.1655,test_10k_S1_Intersections2.csv
356,12.2426,11.4018,test_10k_S1_Intersections2.csv
357,11.2426,10.0499,test_10k_S1_Intersections2.csv
358,10.8284,10.1980,test_10k_S1_Intersections2.csv
359,9.4142,9.0554,test_10k_S1_Intersections2.csv
360,8.4853,8.4853,test_10k_S1_Intersections2.csv
361,7.4142,7.0711,test_10k_S1_Intersections2.csv
362,7.4142,7.0711,test_10k_S1_Intersections2.csv
363,7.2426,6.7082,test_10k_S1_Intersections2.csv
364,7.0000,7.0000,test_10k_S1_Intersections2.csv
365,5.0000,5.0000,test_10k_S1_Intersections2.csv
366,5.0000,5.0000,test_10k_S1_Intersections2.csv
367,4.4142,4.1231,test_10k_S1_Intersections2.csv
368,4.0000,4.0000,test_10k_S1_Intersections2.csv
369,3.8284,3.0000,test_10k_S1_Intersections2.csv
370,2.4142,2.2361,test_10k_S1_Intersections2.csv
371,1.0000,1.0000,test_10k_S1_Intersections2.csv
372,3.8284,3.6056,test_10k_S1_Intersections2.csv
373,100.3259,92.7038,test_10k_S1_Intersections2.csv
374,145.1960,134.2386,test_10k_S1_Intersections2.csv
375,155.1543,115.9655,test_10k_S1_Intersections2.csv
376,34.7990,32.2025,test_10k_S1_Intersections2.csv
377,21.7279,20.1246,test_10k_S1_Intersections2.csv
378,114.0538,105.5509,test_10k_S1_Intersections2.csv
379,97.9411,90.7083,test_10k_S1_Intersections2.csv
380,49.5269,45.1774,test_10k_S1_Intersections2.csv
381,9.2426,8.5440,test_10k_S1_Intersections2.csv
382,62.2548,58.2495,test_10k_S1_Intersections2.csv
383,42.1421,34.9285,test_10k_S1_Intersections2.csv
384,12.0711,11.1803,test_10k_S1_Intersections2.csv
385,54.3848,50.6952,test_10k_S1_Intersections2.csv
386,34.3137,32.0156,test_10k_S1_Intersections2.csv
387,3.0000,3.0000,test_10k_S1_Intersections2.csv
